Workbook

Sheet ticket
A1: ticket_id | B1: created_at | C1: closed_at | D1: outlet_id | E1: cms_id | H1: Same Day? | I1: Same Hour?
A2: isu-sjd-457 | B2: 2021-08-19 16:45:43 | C2: 2021-08-22 12:33:32 | D2: wrqy-juv-978 | E2: vew-iuvd-12 | H2: =IF(AND(B2<>"",C2<>""),IF(INT(DATEVALUE(LEFT(B2,10)))=INT(DATEVALUE(LEFT(C2,10))),"YES","NO"),"") -> NO | I2: =IF(AND(B2<>"",C2<>""),IF(AND(INT(DATEVALUE(LEFT(B2,10)))=INT(DATEVALUE(LEFT(C2,10))),MID(B2,12,2)=MID(C2,12,2)),"YES","NO"),"") -> NO
A3: qer-fal-092 | B3: 2021-08-21 11:09:22 | C3: 2021-08-21 17:13:45 | D3: 8woh-k3u-23b | H3: =IF(AND(B3<>"",C3<>""),IF(INT(DATEVALUE(LEFT(B3,10)))=INT(DATEVALUE(LEFT(C3,10))),"YES","NO"),"") -> YES | I3: =IF(AND(B3<>"",C3<>""),IF(AND(INT(DATEVALUE(LEFT(B3,10)))=INT(DATEVALUE(LEFT(C3,10))),MID(B3,12,2)=MID(C3,12,2)),"YES","NO"),"") -> NO
A4: mno-pqr-101 | B4: 2021-08-19 09:15:00 | C4: 2021-08-19 09:55:00 | D4: wrqy-juv-978 | E4: cms-zzz-001 | H4: =IF(AND(B4<>"",C4<>""),IF(INT(DATEVALUE(LEFT(B4,10)))=INT(DATEVALUE(LEFT(C4,10))),"YES","NO"),"") -> YES | I4: =IF(AND(B4<>"",C4<>""),IF(AND(INT(DATEVALUE(LEFT(B4,10)))=INT(DATEVALUE(LEFT(C4,10))),MID(B4,12,2)=MID(C4,12,2)),"YES","NO"),"") -> YES
A5: abc-def-202 | B5: 2021-08-20 14:00:00 | C5: 2021-08-20 14:45:00 | D5: lmno-xyz-111 | E5: cms-aaa-002 | H5: =IF(AND(B5<>"",C5<>""),IF(INT(DATEVALUE(LEFT(B5,10)))=INT(DATEVALUE(LEFT(C5,10))),"YES","NO"),"") -> YES | I5: =IF(AND(B5<>"",C5<>""),IF(AND(INT(DATEVALUE(LEFT(B5,10)))=INT(DATEVALUE(LEFT(C5,10))),MID(B5,12,2)=MID(C5,12,2)),"YES","NO"),"") -> YES
A6: xyz-uvw-303 | B6: 2021-08-21 11:09:22 | C6: 2021-08-21 11:59:00 | D6: 8woh-k3u-23b | E6: cms-bbb-003 | H6: =IF(AND(B6<>"",C6<>""),IF(INT(DATEVALUE(LEFT(B6,10)))=INT(DATEVALUE(LEFT(C6,10))),"YES","NO"),"") -> YES | I6: =IF(AND(B6<>"",C6<>""),IF(AND(INT(DATEVALUE(LEFT(B6,10)))=INT(DATEVALUE(LEFT(C6,10))),MID(B6,12,2)=MID(C6,12,2)),"YES","NO"),"") -> YES
A7: ppp-qqq-404 | B7: 2021-08-22 08:30:00 | C7: 2021-08-23 09:00:00 | D7: wrqy-juv-978 | E7: cms-ccc-004 | H7: =IF(AND(B7<>"",C7<>""),IF(INT(DATEVALUE(LEFT(B7,10)))=INT(DATEVALUE(LEFT(C7,10))),"YES","NO"),"") -> NO | I7: =IF(AND(B7<>"",C7<>""),IF(AND(INT(DATEVALUE(LEFT(B7,10)))=INT(DATEVALUE(LEFT(C7,10))),MID(B7,12,2)=MID(C7,12,2)),"YES","NO"),"") -> NO
A8: rrr-sss-505 | B8: 2021-08-19 16:45:00 | C8: 2021-08-19 16:55:00 | D8: lmno-xyz-111 | E8: cms-ddd-005 | H8: =IF(AND(B8<>"",C8<>""),IF(INT(DATEVALUE(LEFT(B8,10)))=INT(DATEVALUE(LEFT(C8,10))),"YES","NO"),"") -> YES | I8: =IF(AND(B8<>"",C8<>""),IF(AND(INT(DATEVALUE(LEFT(B8,10)))=INT(DATEVALUE(LEFT(C8,10))),MID(B8,12,2)=MID(C8,12,2)),"YES","NO"),"") -> YES
A9: ttt-uuu-606 | B9: 2021-08-23 10:00:00 | C9: 2021-08-24 10:00:00 | D9: 8woh-k3u-23b | E9: cms-eee-006 | H9: =IF(AND(B9<>"",C9<>""),IF(INT(DATEVALUE(LEFT(B9,10)))=INT(DATEVALUE(LEFT(C9,10))),"YES","NO"),"") -> NO | I9: =IF(AND(B9<>"",C9<>""),IF(AND(INT(DATEVALUE(LEFT(B9,10)))=INT(DATEVALUE(LEFT(C9,10))),MID(B9,12,2)=MID(C9,12,2)),"YES","NO"),"") -> NO

Sheet feedbacks
A1: cms_id | B1: feedback_at | C1: feedback_rating | D1: ticket_created_at
A2: vew-iuvd-12 | B2: 2021-08-21 13:26:48 | C2: 3 | D2: =IFERROR(INDEX(ticket!$B:$B,MATCH(A2,ticket!$E:$E,0)),"") -> 2021-08-19 16:45:43 | F2: 📌 D column uses INDEX-MATCH against ticket!E:B
A3: cms-zzz-001 | B3: 2021-08-20 09:00:00 | C3: 5 | D3: =IFERROR(INDEX(ticket!$B:$B,MATCH(A3,ticket!$E:$E,0)),"") -> 2021-08-19 09:15:00
A4: cms-aaa-002 | B4: 2021-08-21 08:00:00 | C4: 4 | D4: =IFERROR(INDEX(ticket!$B:$B,MATCH(A4,ticket!$E:$E,0)),"") -> 2021-08-20 14:00:00
A5: cms-bbb-003 | B5: 2021-08-22 10:00:00 | C5: 2 | D5: =IFERROR(INDEX(ticket!$B:$B,MATCH(A5,ticket!$E:$E,0)),"") -> 2021-08-21 11:09:22
A6: cms-ccc-004 | B6: 2021-08-23 07:00:00 | C6: 5 | D6: =IFERROR(INDEX(ticket!$B:$B,MATCH(A6,ticket!$E:$E,0)),"") -> 2021-08-22 08:30:00
A7: cms-ddd-005 | B7: 2021-08-20 17:00:00 | C7: 3 | D7: =IFERROR(INDEX(ticket!$B:$B,MATCH(A7,ticket!$E:$E,0)),"") -> 2021-08-19 16:45:00
A8: cms-eee-006 | B8: 2021-08-24 11:00:00 | C8: 4 | D8: =IFERROR(INDEX(ticket!$B:$B,MATCH(A8,ticket!$E:$E,0)),"") -> 2021-08-23 10:00:00

Sheet outlet_analysis
A1: Outlet-wise Ticket Analysis
A2: outlet_id | B2: Total Tickets | C2: Created & Closed Same Day | D2: Same Day % | E2: Created & Closed Same Hour | F2: Same Hour %
A3: 8woh-k3u-23b | B3: =COUNTIF(ticket!$D:$D,A3) -> 3 | C3: =COUNTIFS(ticket!$D:$D,A3,ticket!$H:$H,"YES") -> 2 | D3: =IFERROR(C3/B3,0) -> 0.66666667 | E3: =COUNTIFS(ticket!$D:$D,A3,ticket!$I:$I,"YES") -> 1 | F3: =IFERROR(E3/B3,0) -> 0.33333333
A4: lmno-xyz-111 | B4: =COUNTIF(ticket!$D:$D,A4) -> 2 | C4: =COUNTIFS(ticket!$D:$D,A4,ticket!$H:$H,"YES") -> 2 | D4: =IFERROR(C4/B4,0) -> 1 | E4: =COUNTIFS(ticket!$D:$D,A4,ticket!$I:$I,"YES") -> 2 | F4: =IFERROR(E4/B4,0) -> 1
A5: wrqy-juv-978 | B5: =COUNTIF(ticket!$D:$D,A5) -> 3 | C5: =COUNTIFS(ticket!$D:$D,A5,ticket!$H:$H,"YES") -> 1 | D5: =IFERROR(C5/B5,0) -> 0.33333333 | E5: =COUNTIFS(ticket!$D:$D,A5,ticket!$I:$I,"YES") -> 1 | F5: =IFERROR(E5/B5,0) -> 0.33333333
A6: TOTAL | B6: =SUM(B3:B5) -> 8 | C6: =SUM(C3:C5) -> 5 | D6: =IFERROR(C6/B6,0) -> 0.625 | E6: =SUM(E3:E5) -> 4 | F6: =IFERROR(E6/B6,0) -> 0.5
A8: ℹ️ Same Day = ticket created & closed on the same calendar date | Same Hour = same date AND same clock-hour

Sheet formula_guide
A1: Formula Reference Guide
A2: Purpose | B2: Sheet / Column | C2: Formula Used
A3: Populate ticket_created_at in feedbacks | B3: feedbacks → col D | C3: =IFERROR(INDEX(ticket!$B:$B, MATCH(A2, ticket!$E:$E, 0)), "")
A4: Flag: same calendar day? | B4: ticket → col H
A5: Flag: same clock hour? | B5: ticket → col I | C5: IF(AND(same-date-check, MID(B2,12,2)=MID(C2,12,2)), "YES", "NO")
A6: Count tickets per outlet (same day) | B6: outlet_analysis → col C | C6: COUNTIFS(ticket!$D:$D, A3, ticket!$H:$H, "YES")
A7: Count tickets per outlet (same hour) | B7: outlet_analysis → col E | C7: COUNTIFS(ticket!$D:$D, A3, ticket!$I:$I, "YES")
A8: Same-day % | B8: outlet_analysis → col D | C8: IFERROR(C3/B3, 0) [formatted as %]
